{
    "hash_value": "0081B9932344D277",
    "hash_offset": 31695584,
    "hash_size": 2147509624,
    "hash_resource_type": "PRIM",
    "hash_reference_table_size": 22,
    "hash_reference_table_dummy": 0,
    "hash_size_final": 35680,
    "hash_size_in_memory": 4294967295,
    "hash_size_in_video_memory": 4294967295,
    "hash_reference_data": [
        {
            "hash": "[assembly:/_pro/environment/materials/props/harbour_props/lighthouse_background_a.mi].pc_mi",
            "flag": "5F"
        },
        {
            "hash": "[assembly:/_pro/environment/materials/levels/coastal_town_italy/terrain_background_a.mi].pc_mi",
            "flag": "5F"
        }
    ]
}